player,team,opponent,venue,round,match_id,predicted_goals,predicted_behinds,predicted_score,p_scorer,lambda_goals,lambda_behinds,p_goals_0,p_goals_1,p_goals_2,p_goals_3,p_goals_4,p_goals_5,p_goals_6,p_goals_7plus,p_behinds_0,p_behinds_1,p_behinds_2,p_behinds_3,p_behinds_4plus,conf_lower_gl,conf_upper_gl,career_goal_avg,player_role,predicted_disposals,lambda_disposals,p_10plus_disp,p_15plus_disp,p_20plus_disp,p_25plus_disp,p_30plus_disp,conf_lower_di,conf_upper_di,p_2plus_goals,p_3plus_goals
"Leake, James",Greater Western Sydney,Collingwood,Sydney Showground,1,42120250309,1.2362,0.4153,7.83,0.9366,1.2362,0.4153,0.2905,0.3591,0.222,0.0915,0.0283,0.007,0.0014,0.0003,0.6601,0.2742,0.0569,0.0079,0.0009,0,3,1.0,other,10.38,10.3798,0.5886,0.1047,0.0051,0.0001,0.0,6,15,0.35040000000000004,0.12840000000000004
"King, Ben",Gold Coast,Essendon,Carrara,1,52020250827,3.0495,1.5836,19.88,0.8977,3.0495,1.5836,0.0474,0.1445,0.2203,0.224,0.1707,0.1041,0.0529,0.0361,0.2052,0.325,0.2573,0.1358,0.0766,1,5,2.14,forward,10.57,10.5662,0.6106,0.1163,0.0062,0.0001,0.0,7,15,0.8081,0.5878000000000001
"Stengle, Tyson",Geelong,Brisbane Lions,Gabba,1,91920250329,1.5179,0.8816,9.99,0.871,1.5179,0.8816,0.2192,0.3327,0.2525,0.1278,0.0485,0.0147,0.0037,0.001,0.4141,0.3651,0.1609,0.0473,0.0126,0,3,1.66,forward,11.08,11.0806,0.6682,0.1519,0.01,0.0002,0.0,7,15,0.44809999999999994,0.19559999999999994
"Henry, Oliver",Geelong,Brisbane Lions,Gabba,1,91920250329,1.5343,1.0474,10.25,0.8702,1.5343,1.0474,0.2156,0.3308,0.2538,0.1298,0.0498,0.0153,0.0039,0.0011,0.3508,0.3675,0.1925,0.0672,0.022,0,3,1.51,forward,10.49,10.4939,0.6021,0.1117,0.0058,0.0001,0.0,6,15,0.4536,0.19979999999999998
"Papley, Tom",Sydney,Hawthorn,S.C.G.,1,101620250307,1.6145,1.183,10.87,0.8552,1.6145,1.183,0.199,0.3213,0.2593,0.1396,0.0563,0.0182,0.0049,0.0014,0.3064,0.3624,0.2144,0.0845,0.0323,0,3,1.59,forward,12.58,12.5782,0.8045,0.2826,0.0323,0.0013,0.0,8,17,0.47969999999999996,0.22039999999999998
"Watson, Nick",Hawthorn,Sydney,S.C.G.,1,101620250307,1.3948,1.4381,9.81,0.8552,1.3948,1.4381,0.2479,0.3457,0.2411,0.1121,0.0391,0.0109,0.0025,0.0006,0.2374,0.3414,0.2455,0.1177,0.0581,0,3,1.32,forward,9.42,9.4151,0.4671,0.0565,0.0018,0.0,0.0,6,13,0.4064,0.16529999999999997
"Ginnivan, Jack",Hawthorn,Sydney,S.C.G.,1,101620250307,1.371,1.1664,9.39,0.8262,1.371,1.1664,0.2538,0.348,0.2386,0.109,0.0374,0.0102,0.0023,0.0006,0.3115,0.3633,0.2119,0.0824,0.0309,0,3,1.3,forward,14.3,14.298,0.904,0.4611,0.0893,0.0064,0.0002,10,19,0.3982,0.1596
"Greene, Toby",Greater Western Sydney,Collingwood,Sydney Showground,1,42120250309,1.6256,1.4283,11.18,0.8155,1.6256,1.4283,0.1968,0.3199,0.26,0.1409,0.0573,0.0186,0.005,0.0015,0.2397,0.3424,0.2445,0.1164,0.057,0,3,1.57,forward,12.43,12.4281,0.793,0.268,0.0291,0.0011,0.0,8,17,0.4833,0.2233
"Chol, Mabior",Hawthorn,Sydney,S.C.G.,1,101620250307,1.5918,1.4045,10.96,0.8143,1.5918,1.4045,0.2036,0.324,0.2579,0.1368,0.0545,0.0173,0.0046,0.0013,0.2455,0.3448,0.2421,0.1134,0.0542,0,3,1.36,forward,9.09,9.0912,0.4246,0.0445,0.0012,0.0,0.0,5,13,0.4724,0.21449999999999997
"Cameron, Charlie",Brisbane Lions,Geelong,Gabba,1,91920250329,1.7176,0.9806,11.29,0.8133,1.7176,0.9806,0.1795,0.3083,0.2648,0.1516,0.0651,0.0224,0.0064,0.002,0.3751,0.3678,0.1803,0.0589,0.0178,0,3,1.76,forward,11.65,11.6545,0.7261,0.1977,0.0162,0.0005,0.0,7,16,0.5122,0.2474
"McMahon, Liam",Essendon,Gold Coast,Carrara,1,52020250827,1.2248,0.7512,8.1,0.7866,1.2248,0.7512,0.2938,0.3599,0.2204,0.09,0.0275,0.0067,0.0014,0.0003,0.4718,0.3544,0.1331,0.0333,0.0073,0,3,1.71,forward,8.17,8.1743,0.3052,0.0204,0.0003,0.0,0.0,5,12,0.34629999999999994,0.12589999999999993
"Humphrey, Bailey",Gold Coast,Essendon,Carrara,1,52020250827,1.3302,1.1566,9.14,0.7818,1.3302,1.1566,0.2644,0.3517,0.2339,0.1037,0.0345,0.0092,0.002,0.0005,0.3146,0.3638,0.2104,0.0811,0.0301,0,3,0.77,forward,14.75,14.7455,0.9215,0.5081,0.1111,0.0092,0.0003,10,20,0.3839,0.15000000000000002
"Wright, Peter",Essendon,Gold Coast,Carrara,1,52020250827,1.5582,0.842,10.19,0.7813,1.5582,0.842,0.2105,0.328,0.2556,0.1327,0.0517,0.0161,0.0042,0.0012,0.4309,0.3628,0.1527,0.0429,0.0108,0,3,1.53,forward,10.16,10.1583,0.5617,0.092,0.0041,0.0001,0.0,6,14,0.46149999999999997,0.20589999999999997
"Hill, Bobby",Collingwood,Greater Western Sydney,Sydney Showground,1,42120250309,1.3223,0.9852,8.92,0.7807,1.3223,0.9852,0.2665,0.3524,0.233,0.1027,0.0339,0.009,0.002,0.0004,0.3734,0.3678,0.1812,0.0595,0.0181,0,3,1.1,forward,11.43,11.4292,0.7042,0.179,0.0135,0.0003,0.0,7,16,0.38110000000000005,0.14810000000000004
"Mihocek, Brody",Collingwood,Greater Western Sydney,Sydney Showground,1,42120250309,1.5657,1.0425,10.44,0.7778,1.5657,1.0425,0.2089,0.3271,0.2561,0.1337,0.0523,0.0164,0.0043,0.0012,0.3526,0.3676,0.1916,0.0666,0.0217,0,3,1.69,forward,9.74,9.739,0.509,0.0706,0.0026,0.0,0.0,6,14,0.464,0.20790000000000003
"Long, Ben",Gold Coast,Essendon,Carrara,1,52020250827,1.559,1.3937,10.75,0.7759,1.559,1.3937,0.2103,0.3279,0.2556,0.1328,0.0518,0.0161,0.0042,0.0012,0.2482,0.3459,0.241,0.112,0.053,0,3,0.75,forward,11.71,11.706,0.731,0.202,0.0169,0.0005,0.0,7,16,0.46180000000000004,0.20620000000000005
"Hipwood, Eric",Brisbane Lions,Geelong,Gabba,1,91920250329,1.6353,0.8471,10.66,0.7736,1.6353,0.8471,0.1949,0.3187,0.2606,0.1421,0.0581,0.019,0.0052,0.0015,0.4287,0.3631,0.1538,0.0434,0.011,0,3,1.48,forward,11.55,11.5549,0.7166,0.1893,0.015,0.0004,0.0,7,16,0.48640000000000005,0.22580000000000006
"Morris, Logan",Brisbane Lions,Geelong,Gabba,1,91920250329,1.4768,0.9066,9.77,0.7627,1.4768,0.9066,0.2284,0.3373,0.249,0.1226,0.0453,0.0134,0.0033,0.0008,0.4039,0.3662,0.166,0.0502,0.0138,0,3,1.32,forward,9.16,9.1605,0.4337,0.0469,0.0013,0.0,0.0,5,13,0.4343000000000001,0.18530000000000008
"Neale, Shannon",Geelong,Brisbane Lions,Gabba,1,91920250329,1.2635,0.77,8.35,0.7533,1.2635,0.77,0.2827,0.3571,0.2256,0.095,0.03,0.0076,0.0016,0.0003,0.463,0.3565,0.1373,0.0352,0.008,0,3,1.17,forward,8.82,8.8165,0.3884,0.0358,0.0008,0.0,0.0,5,13,0.3602000000000001,0.13460000000000008
"Ashcroft, Levi",Brisbane Lions,Geelong,Gabba,1,91920250329,0.7943,0.1809,4.95,0.7491,0.7943,0.1809,0.4519,0.3589,0.1426,0.0377,0.0075,0.0012,0.0002,0.0,0.8345,0.151,0.0137,0.0008,0.0,0,2,0.33,other,19.39,19.3917,0.9929,0.8693,0.475,0.125,0.0152,14,25,0.18920000000000003,0.04660000000000003
"Ainsworth, Ben",Gold Coast,Essendon,Carrara,1,52020250827,1.2315,0.9363,8.33,0.7319,1.2315,0.9363,0.2918,0.3594,0.2213,0.0909,0.028,0.0069,0.0014,0.0003,0.3921,0.3671,0.1719,0.0536,0.0153,0,3,0.87,forward,14.2,14.2046,0.8999,0.4512,0.0852,0.006,0.0002,9,19,0.34879999999999994,0.12749999999999995
"Membrey, Tim",Collingwood,Greater Western Sydney,Sydney Showground,1,42120250309,1.3437,0.4019,8.46,0.7246,1.3437,0.4019,0.2609,0.3505,0.2355,0.1055,0.0354,0.0095,0.0021,0.0005,0.6691,0.2689,0.054,0.0072,0.0008,0,3,1.63,other,10.61,10.6079,0.6155,0.119,0.0064,0.0001,0.0,7,15,0.3886,0.1531
"Cameron, Jeremy",Geelong,Brisbane Lions,Gabba,1,91920250329,1.8679,1.0896,12.3,0.7075,1.8679,1.0896,0.1544,0.2885,0.2694,0.1678,0.0783,0.0293,0.0091,0.0031,0.3364,0.3665,0.1997,0.0725,0.025,0,4,2.54,forward,13.04,13.0424,0.837,0.3292,0.0438,0.0021,0.0,9,18,0.5571,0.28770000000000007
"Cadman, Aaron",Greater Western Sydney,Collingwood,Sydney Showground,1,42120250309,1.1729,0.6567,7.69,0.7059,1.1729,0.6567,0.3095,0.363,0.2129,0.0832,0.0244,0.0057,0.0011,0.0002,0.5185,0.3405,0.1118,0.0245,0.0046,0,3,1.0,forward,9.92,9.9171,0.5317,0.0792,0.0032,0.0,0.0,6,14,0.3275,0.11460000000000001
"Hayward, Will",Sydney,Hawthorn,S.C.G.,1,101620250307,1.0666,0.5867,6.99,0.7,1.0666,0.5867,0.3442,0.3671,0.1958,0.0696,0.0186,0.004,0.0007,0.0001,0.5562,0.3263,0.0957,0.0187,0.0031,0,2,1.23,forward,11.57,11.5654,0.7176,0.1902,0.0151,0.0004,0.0,7,16,0.28869999999999996,0.09289999999999995
"Amartey, Joel",Sydney,Hawthorn,S.C.G.,1,101620250307,1.1911,0.7162,7.86,0.6943,1.1911,0.7162,0.3039,0.362,0.2156,0.0856,0.0255,0.0061,0.0012,0.0002,0.4886,0.3499,0.1253,0.0299,0.0062,0,3,1.41,forward,9.42,9.4156,0.4672,0.0565,0.0018,0.0,0.0,6,13,0.33409999999999995,0.11849999999999994
"Heeney, Isaac",Sydney,Hawthorn,S.C.G.,1,101620250307,1.1025,0.7656,7.38,0.6918,1.1025,0.7656,0.332,0.3661,0.2018,0.0742,0.0204,0.0045,0.0008,0.0002,0.465,0.3561,0.1363,0.0348,0.0078,0,3,1.29,forward,19.81,19.8051,0.9944,0.8874,0.5123,0.1461,0.0195,14,26,0.30189999999999995,0.10009999999999994
"Dangerfield, Patrick",Geelong,Brisbane Lions,Gabba,1,91920250329,0.8869,0.6032,5.92,0.6895,0.8869,0.6032,0.4119,0.3653,0.162,0.0479,0.0106,0.0019,0.0003,0.0,0.5471,0.33,0.0995,0.02,0.0034,0,2,1.0,forward,17.15,17.1456,0.9758,0.7307,0.2756,0.044,0.0031,12,23,0.22280000000000005,0.06080000000000005
"Read, Ethan",Gold Coast,Essendon,Carrara,1,52020250827,1.3098,0.9045,8.76,0.6883,1.3098,0.9045,0.2699,0.3535,0.2315,0.1011,0.0331,0.0087,0.0019,0.0004,0.4047,0.3661,0.1656,0.0499,0.0137,0,3,0.96,forward,9.83,9.8316,0.5208,0.075,0.0029,0.0,0.0,6,14,0.3766,0.14509999999999998
"Rayner, Cam",Brisbane Lions,Geelong,Gabba,1,91920250329,1.098,0.6941,7.28,0.6857,1.098,0.6941,0.3335,0.3662,0.2011,0.0736,0.0202,0.0044,0.0008,0.0001,0.4995,0.3467,0.1203,0.0278,0.0056,0,2,0.95,forward,14.66,14.6604,0.9184,0.4992,0.1067,0.0086,0.0003,10,20,0.30029999999999996,0.09919999999999995
"Gruzewski, Max",Greater Western Sydney,Collingwood,Sydney Showground,1,42120250309,0.9562,0.42,6.16,0.6832,0.9562,0.42,0.3844,0.3675,0.1757,0.056,0.0134,0.0026,0.0004,0.0001,0.6571,0.2759,0.0579,0.0081,0.0009,0,2,1.0,forward,9.05,9.0527,0.4195,0.0432,0.0011,0.0,0.0,5,13,0.24809999999999993,0.07239999999999994
"Lohmann, Kai",Brisbane Lions,Geelong,Gabba,1,91920250329,1.0203,0.9553,7.08,0.681,1.0203,0.9553,0.3605,0.3678,0.1876,0.0638,0.0163,0.0033,0.0006,0.0001,0.3847,0.3675,0.1755,0.0559,0.0164,0,2,1.0,forward,11.72,11.7153,0.7318,0.2028,0.0171,0.0005,0.0,7,16,0.27169999999999994,0.08409999999999995
"Moore, Dylan",Hawthorn,Sydney,S.C.G.,1,101620250307,1.077,1.369,7.83,0.6777,1.077,1.369,0.3406,0.3668,0.1975,0.0709,0.0191,0.0041,0.0007,0.0001,0.2543,0.3482,0.2384,0.1088,0.0503,0,2,1.11,forward,16.42,16.4224,0.9649,0.6707,0.2184,0.0291,0.0017,11,22,0.29259999999999997,0.09509999999999996
"Jones, Darcy",Greater Western Sydney,Collingwood,Sydney Showground,1,42120250309,0.9718,0.5161,6.35,0.6602,0.9718,0.5161,0.3784,0.3677,0.1787,0.0579,0.0141,0.0027,0.0004,0.0001,0.5968,0.308,0.0795,0.0137,0.002,0,2,0.93,forward,13.14,13.1379,0.8431,0.339,0.0465,0.0023,0.0,9,18,0.2538999999999999,0.0751999999999999
"Dempsey, Oliver",Geelong,Brisbane Lions,Gabba,1,91920250329,0.958,0.5729,6.32,0.6568,0.958,0.5729,0.3837,0.3675,0.1761,0.0562,0.0135,0.0026,0.0004,0.0001,0.5639,0.3231,0.0925,0.0177,0.0029,0,2,0.83,forward,13.7,13.7033,0.8758,0.3982,0.065,0.0039,0.0001,9,19,0.24880000000000008,0.07270000000000007
"Macdonald, Connor",Hawthorn,Sydney,S.C.G.,1,101620250307,0.8702,0.969,6.19,0.6566,0.8702,0.969,0.4189,0.3645,0.1586,0.046,0.01,0.0017,0.0003,0.0,0.3794,0.3677,0.1782,0.0575,0.0171,0,2,0.75,forward,16.42,16.4159,0.9648,0.6701,0.2179,0.0289,0.0017,11,22,0.21659999999999996,0.05799999999999997
"Langford, Kyle",Essendon,Gold Coast,Carrara,1,52020250827,1.0002,0.6562,6.66,0.6519,1.0002,0.6562,0.3678,0.3679,0.184,0.0613,0.0153,0.0031,0.0005,0.0001,0.5188,0.3405,0.1117,0.0244,0.0046,0,2,1.1,forward,11.63,11.6253,0.7233,0.1952,0.0159,0.0004,0.0,7,16,0.2643,0.08029999999999998
"Farrar, Jy",Gold Coast,Essendon,Carrara,1,52020250827,0.9065,0.5785,6.02,0.637,0.9065,0.5785,0.4039,0.3662,0.166,0.0502,0.0114,0.0021,0.0003,0.0,0.5607,0.3244,0.0938,0.0181,0.003,0,2,0.3,forward,9.08,9.0781,0.4229,0.0441,0.0012,0.0,0.0,5,13,0.22990000000000005,0.06390000000000004
"Elliott, Jamie",Collingwood,Greater Western Sydney,Sydney Showground,1,42120250309,1.1874,0.7763,7.9,0.632,1.1874,0.7763,0.305,0.3622,0.215,0.0851,0.0253,0.006,0.0012,0.0002,0.4601,0.3572,0.1386,0.0359,0.0082,0,3,1.48,forward,11.47,11.4747,0.7087,0.1827,0.014,0.0004,0.0,7,16,0.33280000000000004,0.11780000000000004
"Schultz, Lachie",Collingwood,Greater Western Sydney,Sydney Showground,1,42120250309,0.8998,0.7504,6.15,0.6289,0.8998,0.7504,0.4067,0.3659,0.1646,0.0494,0.0111,0.002,0.0003,0.0,0.4722,0.3543,0.1329,0.0333,0.0073,0,2,1.13,forward,11.43,11.4323,0.7045,0.1792,0.0135,0.0003,0.0,7,16,0.22739999999999994,0.06279999999999994
"McStay, Daniel",Collingwood,Greater Western Sydney,Sydney Showground,1,42120250309,1.0467,0.6766,6.96,0.6041,1.0467,0.6766,0.3511,0.3675,0.1923,0.0671,0.0176,0.0037,0.0006,0.0001,0.5083,0.344,0.1164,0.0262,0.0051,0,2,0.92,forward,8.72,8.7231,0.3762,0.0332,0.0007,0.0,0.0,5,13,0.28140000000000004,0.08910000000000004
"Brown, Callum",Greater Western Sydney,Collingwood,Sydney Showground,1,42120250309,0.9322,0.5943,6.19,0.5987,0.9322,0.5943,0.3937,0.367,0.1711,0.0532,0.0124,0.0023,0.0004,0.0001,0.552,0.328,0.0975,0.0193,0.0032,0,2,1.02,forward,9.94,9.9374,0.5342,0.0802,0.0032,0.0,0.0,6,14,0.23930000000000007,0.06820000000000007
"Menzie, Jye",Essendon,Gold Coast,Carrara,1,52020250827,0.8453,0.4918,5.56,0.5838,0.8453,0.4918,0.4294,0.363,0.1534,0.0432,0.0091,0.0015,0.0002,0.0,0.6115,0.3008,0.074,0.0121,0.0017,0,2,0.77,other,9.99,9.9891,0.5407,0.0829,0.0034,0.0,0.0,6,14,0.2076,0.0542
"Warner, Chad",Sydney,Hawthorn,S.C.G.,1,101620250307,0.8675,0.639,5.84,0.5836,0.8675,0.639,0.42,0.3644,0.158,0.0457,0.0099,0.0017,0.0002,0.0,0.5278,0.3373,0.1078,0.023,0.0042,0,2,0.93,forward,21.21,21.2087,0.9976,0.9341,0.6328,0.2318,0.0415,15,27,0.21560000000000007,0.05760000000000007
"Ah Chee, Callum",Brisbane Lions,Geelong,Gabba,1,91920250329,0.9919,0.9126,6.86,0.5775,0.9919,0.9126,0.3709,0.3679,0.1825,0.0603,0.015,0.003,0.0005,0.0001,0.4015,0.3664,0.1672,0.0509,0.0141,0,2,0.54,forward,12.42,12.4155,0.792,0.2668,0.0288,0.0011,0.0,8,17,0.2612,0.07869999999999999
"McInnes, Reef",Collingwood,Greater Western Sydney,Sydney Showground,1,42120250309,0.7979,0.4524,5.24,0.5752,0.7979,0.4524,0.4503,0.3593,0.1433,0.0381,0.0076,0.0012,0.0002,0.0,0.6361,0.2878,0.0651,0.0098,0.0012,0,2,0.9,forward,7.83,7.8289,0.2624,0.0145,0.0002,0.0,0.0,4,11,0.19040000000000007,0.04710000000000006
"Day, Sam",Brisbane Lions,Geelong,Gabba,1,91920250329,0.7568,0.3948,4.94,0.5546,0.7568,0.3948,0.4692,0.3551,0.1344,0.0339,0.0064,0.001,0.0001,0.0,0.6738,0.266,0.0525,0.0069,0.0007,0,2,0.75,other,11.32,11.3196,0.6931,0.1702,0.0123,0.0003,0.0,7,16,0.1756999999999999,0.04129999999999992
"Bailey, Zac",Brisbane Lions,Geelong,Gabba,1,91920250329,0.8691,0.7633,5.98,0.5489,0.8691,0.7633,0.4193,0.3644,0.1584,0.0459,0.01,0.0017,0.0003,0.0,0.4661,0.3558,0.1358,0.0346,0.0077,0,2,1.04,forward,15.93,15.9272,0.9551,0.6257,0.1827,0.0213,0.0011,11,21,0.2163,0.05789999999999998
"Daicos, Nick",Collingwood,Greater Western Sydney,Sydney Showground,1,42120250309,0.7332,0.6019,5.0,0.5485,0.7332,0.6019,0.4804,0.3522,0.1291,0.0316,0.0058,0.0008,0.0001,0.0,0.5478,0.3297,0.0992,0.0199,0.0034,0,2,0.65,forward,26.19,26.1939,0.9999,0.9931,0.9093,0.6185,0.253,20,33,0.16740000000000005,0.038300000000000056
"Rowell, Matt",Gold Coast,Essendon,Carrara,1,52020250827,0.6368,0.5786,4.4,0.5317,0.6368,0.5786,0.529,0.3369,0.1073,0.0228,0.0036,0.0005,0.0,0.0,0.5607,0.3244,0.0938,0.0181,0.003,0,2,0.31,forward,27.67,27.6745,1.0,0.9968,0.9461,0.7201,0.3539,21,35,0.1341,0.02679999999999999
"Rogers, Jake",Gold Coast,Essendon,Carrara,1,52020250827,0.6624,0.3585,4.33,0.5234,0.6624,0.3585,0.5156,0.3415,0.1131,0.025,0.0041,0.0005,0.0001,0.0,0.6988,0.2505,0.0449,0.0054,0.0005,0,2,0.33,other,10.17,10.1728,0.5635,0.0928,0.0042,0.0001,0.0,6,14,0.14290000000000003,0.02980000000000002
"Miers, Gryan",Geelong,Brisbane Lions,Gabba,1,91920250329,0.676,0.4159,4.47,0.516,0.676,0.4159,0.5087,0.3438,0.1162,0.0262,0.0044,0.0006,0.0001,0.0,0.6597,0.2744,0.0571,0.0079,0.0009,0,2,0.75,forward,17.34,17.3423,0.9781,0.7457,0.2921,0.049,0.0036,12,23,0.14749999999999996,0.03129999999999997
"Guelfi, Matt",Essendon,Gold Coast,Carrara,1,52020250827,0.6668,0.4547,4.46,0.4879,0.6668,0.4547,0.5134,0.3423,0.1141,0.0254,0.0042,0.0006,0.0001,0.0,0.6347,0.2886,0.0656,0.0099,0.0012,0,2,0.57,forward,10.6,10.5956,0.614,0.1182,0.0064,0.0001,0.0,7,15,0.14430000000000004,0.030200000000000046
"Close, Brad",Geelong,Brisbane Lions,Gabba,1,91920250329,0.6613,0.3473,4.32,0.4838,0.6613,0.3473,0.5162,0.3414,0.1129,0.0249,0.0041,0.0005,0.0001,0.0,0.7066,0.2454,0.0426,0.0049,0.0005,0,2,0.88,other,11.86,11.8622,0.7454,0.2157,0.0191,0.0006,0.0,8,16,0.14240000000000003,0.029500000000000026
"Wicks, Sam",Sydney,Hawthorn,S.C.G.,1,101620250307,0.6124,0.4309,4.11,0.466,0.6124,0.4309,0.5421,0.3319,0.1016,0.0207,0.0032,0.0004,0.0,0.0,0.6499,0.28,0.0603,0.0087,0.001,0,2,0.66,other,10.93,10.9348,0.6524,0.1413,0.0088,0.0002,0.0,7,15,0.126,0.024400000000000005
"Kako, Isaac",Essendon,Gold Coast,Carrara,1,52020250827,0.6142,0.4392,4.12,0.4658,0.6142,0.4392,0.5411,0.3323,0.1021,0.0209,0.0032,0.0004,0.0,0.0,0.6445,0.2831,0.0622,0.0091,0.0011,0,2,0.65,forward,12.68,12.6792,0.8119,0.2926,0.0346,0.0014,0.0,8,17,0.1266,0.024499999999999994
"McCreery, Beau",Collingwood,Greater Western Sydney,Sydney Showground,1,42120250309,0.5787,0.3918,3.86,0.4518,0.5787,0.3918,0.5606,0.3244,0.0939,0.0181,0.0026,0.0003,0.0,0.0,0.6758,0.2648,0.0519,0.0068,0.0007,0,2,0.67,forward,11.82,11.8171,0.7413,0.2117,0.0185,0.0006,0.0,8,16,0.11499999999999999,0.021099999999999994
"Ashcroft, Will",Brisbane Lions,Geelong,Gabba,1,91920250329,0.5181,0.3372,3.45,0.4339,0.5181,0.3372,0.5957,0.3086,0.0799,0.0138,0.0018,0.0002,0.0,0.0,0.7138,0.2407,0.0406,0.0046,0.0004,0,1,0.35,midfielder,24.3,24.3034,0.9997,0.9828,0.835,0.4706,0.1463,18,31,0.09570000000000001,0.01580000000000001
"Holmes, Max",Geelong,Brisbane Lions,Gabba,1,91920250329,0.5325,0.3975,3.59,0.4321,0.5325,0.3975,0.5871,0.3127,0.0832,0.0148,0.002,0.0002,0.0,0.0,0.672,0.2671,0.0531,0.007,0.0008,0,2,0.48,forward,21.0,21.0016,0.9972,0.9285,0.6159,0.2179,0.0374,15,27,0.10020000000000007,0.01700000000000007
"DAmbrosio, Massimo",Hawthorn,Sydney,S.C.G.,1,101620250307,0.4971,0.3512,3.33,0.4061,0.4971,0.3512,0.6083,0.3024,0.0752,0.0125,0.0015,0.0002,0.0,0.0,0.7038,0.2472,0.0434,0.0051,0.0005,0,1,0.29,forward,20.58,20.5814,0.9965,0.9158,0.5805,0.191,0.0301,15,26,0.08930000000000005,0.014100000000000043
"Worpel, James",Hawthorn,Sydney,S.C.G.,1,101620250307,0.4722,0.5675,3.4,0.4028,0.4722,0.5675,0.6237,0.2945,0.0695,0.0109,0.0013,0.0001,0.0,0.0,0.5669,0.3217,0.0913,0.0173,0.0028,0,1,0.35,forward,19.88,19.8825,0.9947,0.8905,0.5193,0.1503,0.0204,14,26,0.08179999999999998,0.012299999999999978
"Anderson, Noah",Gold Coast,Essendon,Carrara,1,52020250827,0.5084,0.4128,3.46,0.4023,0.5084,0.4128,0.6014,0.3058,0.0777,0.0132,0.0017,0.0002,0.0,0.0,0.6618,0.2732,0.0564,0.0078,0.0009,0,1,0.42,forward,30.26,30.2583,1.0,0.9992,0.9803,0.8535,0.543,23,37,0.09279999999999994,0.015099999999999933
"OHalloran, Xavier",Greater Western Sydney,Collingwood,Sydney Showground,1,42120250309,0.5147,0.4344,3.52,0.3982,0.5147,0.4344,0.5977,0.3076,0.0792,0.0136,0.0017,0.0002,0.0,0.0,0.6477,0.2813,0.0611,0.0088,0.0011,0,1,0.4,forward,10.63,10.6318,0.6182,0.1205,0.0066,0.0001,0.0,7,15,0.0947,0.0155
"McCluggage, Hugh",Brisbane Lions,Geelong,Gabba,1,91920250329,0.4643,0.3467,3.13,0.394,0.4643,0.3467,0.6286,0.2918,0.0678,0.0105,0.0012,0.0001,0.0,0.0,0.707,0.2451,0.0425,0.0049,0.0005,0,1,0.63,forward,23.64,23.637,0.9995,0.9766,0.8002,0.4166,0.1163,18,30,0.07959999999999995,0.01179999999999995
"Perkins, Archie",Essendon,Gold Coast,Carrara,1,52020250827,0.5056,0.3609,3.39,0.3877,0.5056,0.3609,0.6032,0.3049,0.0771,0.013,0.0016,0.0002,0.0,0.0,0.6971,0.2516,0.0454,0.0055,0.0005,0,1,0.64,other,13.35,13.3469,0.8559,0.3607,0.0529,0.0028,0.0001,9,18,0.09190000000000004,0.014800000000000035
"Sicily, James",Hawthorn,Sydney,S.C.G.,1,101620250307,0.484,0.5098,3.41,0.3848,0.484,0.5098,0.6163,0.2983,0.0722,0.0116,0.0014,0.0001,0.0,0.0,0.6006,0.3062,0.078,0.0133,0.0019,0,1,0.45,forward,18.08,18.0831,0.9853,0.7973,0.3565,0.071,0.0063,13,24,0.08540000000000003,0.013200000000000031
"Fiorini, Brayden",Gold Coast,Essendon,Carrara,1,52020250827,0.465,0.322,3.11,0.3817,0.465,0.322,0.6281,0.2921,0.0679,0.0105,0.0012,0.0001,0.0,0.0,0.7247,0.2334,0.0376,0.004,0.0003,0,1,0.33,forward,23.23,23.2299,0.9993,0.9719,0.7765,0.3838,0.1,17,30,0.07979999999999998,0.01189999999999998
"Dunkley, Josh",Brisbane Lions,Geelong,Gabba,1,91920250329,0.4534,0.2671,2.99,0.38,0.4534,0.2671,0.6354,0.2881,0.0653,0.0099,0.0011,0.0001,0.0,0.0,0.7656,0.2045,0.0273,0.0024,0.0002,0,1,0.44,midfielder,23.3,23.3017,0.9993,0.9728,0.7808,0.3895,0.1028,17,30,0.07650000000000001,0.011200000000000015
"Reville, Bruce",Brisbane Lions,Geelong,Gabba,1,91920250329,0.4319,0.2435,2.84,0.3791,0.4319,0.2435,0.6493,0.2804,0.0606,0.0087,0.0009,0.0001,0.0,0.0,0.7839,0.1909,0.0232,0.0019,0.0001,0,1,0.36,other,11.2,11.1985,0.6806,0.1608,0.0111,0.0003,0.0,7,16,0.07030000000000003,0.009700000000000028
"Hoskin-Elliott, Will",Collingwood,Greater Western Sydney,Sydney Showground,1,42120250309,0.5885,0.5211,4.05,0.368,0.5885,0.5211,0.5552,0.3267,0.0961,0.0189,0.0028,0.0003,0.0,0.0,0.5939,0.3095,0.0806,0.014,0.002,0,2,0.83,forward,10.5,10.4989,0.6027,0.112,0.0058,0.0001,0.0,6,15,0.11809999999999998,0.021999999999999978
"Daniels, Brent",Greater Western Sydney,Collingwood,Sydney Showground,1,42120250309,0.5029,0.8544,3.87,0.3649,0.5029,0.8544,0.6048,0.3041,0.0765,0.0128,0.0016,0.0002,0.0,0.0,0.4255,0.3636,0.1553,0.0442,0.0113,0,1,0.67,forward,18.84,18.8402,0.9903,0.8419,0.4248,0.0998,0.0107,13,24,0.09110000000000001,0.014600000000000016
"Campbell, Braeden",Sydney,Hawthorn,S.C.G.,1,101620250307,0.413,0.2528,2.73,0.3649,0.413,0.2528,0.6617,0.2733,0.0564,0.0078,0.0008,0.0001,0.0,0.0,0.7766,0.1964,0.0248,0.0021,0.0001,0,1,0.22,other,10.62,10.6241,0.6173,0.12,0.0065,0.0001,0.0,7,15,0.06500000000000006,0.008600000000000059
"Maginness, Finn",Hawthorn,Sydney,S.C.G.,1,101620250307,0.4365,0.5174,3.14,0.3623,0.4365,0.5174,0.6463,0.2821,0.0616,0.009,0.001,0.0001,0.0,0.0,0.5961,0.3084,0.0798,0.0138,0.002,0,1,0.24,forward,14.84,14.8369,0.9247,0.5175,0.1159,0.0099,0.0004,10,20,0.0716,0.009999999999999995
"Warner, Corey",Sydney,Hawthorn,S.C.G.,1,101620250307,0.413,0.2818,2.76,0.3619,0.413,0.2818,0.6617,0.2733,0.0564,0.0078,0.0008,0.0001,0.0,0.0,0.7544,0.2126,0.03,0.0028,0.0002,0,1,0.2,other,9.67,9.6662,0.4997,0.0672,0.0024,0.0,0.0,6,14,0.06500000000000006,0.008600000000000059
"Flanders, Sam",Gold Coast,Essendon,Carrara,1,52020250827,0.4437,0.309,2.97,0.3573,0.4437,0.309,0.6416,0.2847,0.0632,0.0093,0.001,0.0001,0.0,0.0,0.7342,0.2269,0.035,0.0036,0.0003,0,1,0.41,other,18.16,18.1572,0.9859,0.802,0.3631,0.0736,0.0067,13,24,0.07370000000000004,0.010500000000000037
"Davies, Alex",Gold Coast,Essendon,Carrara,1,52020250827,0.419,0.2158,2.73,0.3573,0.419,0.2158,0.6577,0.2756,0.0577,0.0081,0.0008,0.0001,0.0,0.0,0.8059,0.1739,0.0188,0.0013,0.0001,0,1,0.29,other,17.72,17.7171,0.9821,0.7728,0.3242,0.0594,0.0048,12,23,0.06670000000000004,0.009000000000000036
"Coniglio, Stephen",Greater Western Sydney,Collingwood,Sydney Showground,1,42120250309,0.4726,0.3528,3.19,0.3552,0.4726,0.3528,0.6233,0.2946,0.0696,0.011,0.0013,0.0001,0.0,0.0,0.7027,0.2479,0.0437,0.0051,0.0005,0,1,0.55,midfielder,16.19,16.1946,0.9607,0.6504,0.2016,0.0253,0.0014,11,21,0.08210000000000006,0.012500000000000067
"Durham, Sam",Essendon,Gold Coast,Carrara,1,52020250827,0.3964,0.3229,2.7,0.3489,0.3964,0.3229,0.6727,0.2667,0.0529,0.007,0.0007,0.0001,0.0,0.0,0.724,0.2338,0.0378,0.0041,0.0004,0,1,0.32,forward,22.69,22.6909,0.999,0.9644,0.7423,0.341,0.0809,17,29,0.06060000000000004,0.00770000000000004
"Kelly, Josh",Greater Western Sydney,Collingwood,Sydney Showground,1,42120250309,0.4542,0.3529,3.08,0.3464,0.4542,0.3529,0.635,0.2884,0.0655,0.0099,0.0011,0.0001,0.0,0.0,0.7026,0.248,0.0438,0.0051,0.0005,0,1,0.64,forward,22.38,22.3784,0.9988,0.9593,0.7211,0.3168,0.071,16,29,0.0766,0.011099999999999999
"Pendlebury, Scott",Collingwood,Greater Western Sydney,Sydney Showground,1,42120250309,0.402,0.1849,2.6,0.3408,0.402,0.1849,0.669,0.2689,0.0541,0.0072,0.0007,0.0001,0.0,0.0,0.8312,0.1537,0.0142,0.0009,0.0,0,1,0.5,forward,19.05,19.0534,0.9914,0.853,0.4443,0.1091,0.0123,14,25,0.06209999999999999,0.007999999999999986
"Ward, Callan",Greater Western Sydney,Collingwood,Sydney Showground,1,42120250309,0.4357,0.3325,2.95,0.333,0.4357,0.3325,0.6468,0.2818,0.0614,0.0089,0.001,0.0001,0.0,0.0,0.7171,0.2384,0.0396,0.0044,0.0004,0,1,0.5,forward,17.51,17.5059,0.98,0.7578,0.306,0.0533,0.0041,12,23,0.07139999999999996,0.00999999999999996
"Bedford, Toby",Greater Western Sydney,Collingwood,Sydney Showground,1,42120250309,0.4577,0.5951,3.34,0.3319,0.4577,0.5951,0.6327,0.2896,0.0663,0.0101,0.0012,0.0001,0.0,0.0,0.5515,0.3282,0.0977,0.0194,0.0033,0,1,0.51,forward,13.64,13.6449,0.8727,0.392,0.0629,0.0037,0.0001,9,18,0.07769999999999994,0.011399999999999938
"Miller, Touk",Gold Coast,Essendon,Carrara,1,52020250827,0.4203,0.6017,3.12,0.3278,0.4203,0.6017,0.6569,0.2761,0.058,0.0081,0.0009,0.0001,0.0,0.0,0.5479,0.3297,0.0992,0.0199,0.0034,0,1,0.33,forward,24.32,24.3186,0.9997,0.9829,0.8358,0.4718,0.147,18,31,0.06699999999999995,0.008999999999999946
"Stone, Conor",Greater Western Sydney,Collingwood,Sydney Showground,1,42120250309,0.3697,0.2742,2.49,0.3165,0.3697,0.2742,0.6909,0.2555,0.0472,0.0058,0.0005,0.0,0.0,0.0,0.7601,0.2085,0.0286,0.0026,0.0002,0,1,0.29,other,9.79,9.7929,0.5159,0.0731,0.0028,0.0,0.0,6,14,0.053600000000000037,0.006400000000000038
"Crisp, Jack",Collingwood,Greater Western Sydney,Sydney Showground,1,42120250309,0.3746,0.3412,2.59,0.3152,0.3746,0.3412,0.6875,0.2576,0.0483,0.006,0.0006,0.0,0.0,0.0,0.7109,0.2426,0.0414,0.0047,0.0004,0,1,0.35,forward,16.62,16.623,0.9683,0.688,0.2337,0.0328,0.002,12,22,0.054900000000000004,0.006600000000000002
"Budarick, Connor",Gold Coast,Essendon,Carrara,1,52020250827,0.3934,0.2957,2.66,0.3133,0.3934,0.2957,0.6748,0.2654,0.0522,0.0068,0.0007,0.0001,0.0,0.0,0.744,0.22,0.0325,0.0032,0.0003,0,1,0.09,other,12.16,12.1624,0.7715,0.2429,0.024,0.0008,0.0,8,17,0.05980000000000002,0.0076000000000000165
"Daicos, Josh",Collingwood,Greater Western Sydney,Sydney Showground,1,42120250309,0.3506,0.2463,2.35,0.312,0.3506,0.2463,0.7043,0.2469,0.0433,0.0051,0.0004,0.0,0.0,0.0,0.7817,0.1925,0.0237,0.0019,0.0001,0,1,0.5,midfielder,24.16,24.162,0.9996,0.9816,0.828,0.4591,0.1396,18,31,0.048799999999999955,0.005499999999999956
"McInerney, Justin",Sydney,Hawthorn,S.C.G.,1,101620250307,0.3903,0.3587,2.7,0.3103,0.3903,0.3587,0.6769,0.2642,0.0515,0.0067,0.0007,0.0001,0.0,0.0,0.6986,0.2506,0.0449,0.0054,0.0005,0,1,0.4,forward,15.37,15.366,0.9412,0.5713,0.1462,0.0146,0.0006,10,20,0.05890000000000006,0.007400000000000066
"Knevitt, Mitch",Geelong,Brisbane Lions,Gabba,1,91920250329,0.3233,0.2905,2.23,0.3038,0.3233,0.2905,0.7237,0.234,0.0378,0.0041,0.0003,0.0,0.0,0.0,0.7479,0.2173,0.0316,0.0031,0.0002,0,1,0.29,forward,13.42,13.4223,0.8603,0.3686,0.0553,0.003,0.0001,9,18,0.042299999999999977,0.004499999999999976
"Duursma, Xavier",Essendon,Gold Coast,Carrara,1,52020250827,0.3429,0.2392,2.3,0.2956,0.3429,0.2392,0.7097,0.2433,0.0417,0.0048,0.0004,0.0,0.0,0.0,0.7872,0.1883,0.0225,0.0018,0.0001,0,1,0.47,forward,17.88,17.8826,0.9836,0.7841,0.3387,0.0645,0.0055,13,23,0.047000000000000014,0.005300000000000013
"Clohesy, Ted",Geelong,Brisbane Lions,Gabba,1,91920250329,0.4127,0.4021,2.88,0.2955,0.4127,0.4021,0.6619,0.2731,0.0564,0.0078,0.0008,0.0001,0.0,0.0,0.6689,0.269,0.0541,0.0072,0.0008,0,1,0.4,other,10.28,10.2758,0.5761,0.0986,0.0046,0.0001,0.0,6,14,0.06499999999999995,0.008599999999999948
"Fort, Darcy",Brisbane Lions,Geelong,Gabba,1,91920250329,0.3898,0.3983,2.74,0.2897,0.3898,0.3983,0.6772,0.264,0.0514,0.0067,0.0007,0.0001,0.0,0.0,0.6715,0.2674,0.0533,0.0071,0.0008,0,1,0.47,other,10.64,10.6388,0.619,0.121,0.0066,0.0001,0.0,7,15,0.05879999999999996,0.007399999999999962
"Rowbottom, James",Sydney,Hawthorn,S.C.G.,1,101620250307,0.3148,0.4595,2.35,0.2878,0.3148,0.4595,0.7299,0.2298,0.0362,0.0038,0.0003,0.0,0.0,0.0,0.6316,0.2902,0.0667,0.0102,0.0013,0,1,0.31,forward,17.48,17.4763,0.9796,0.7556,0.3034,0.0525,0.004,12,23,0.0403,0.0040999999999999995
"Mackenzie, Cam",Hawthorn,Sydney,S.C.G.,1,101620250307,0.3138,0.4337,2.32,0.2877,0.3138,0.4337,0.7307,0.2293,0.036,0.0038,0.0003,0.0,0.0,0.0,0.6481,0.2811,0.061,0.0088,0.001,0,1,0.34,forward,16.15,16.1456,0.9597,0.6459,0.1981,0.0245,0.0013,11,21,0.03999999999999998,0.003999999999999983
"Jordon, James",Sydney,Hawthorn,S.C.G.,1,101620250307,0.3492,0.2628,2.36,0.2866,0.3492,0.2628,0.7053,0.2463,0.043,0.005,0.0004,0.0,0.0,0.0,0.7689,0.2021,0.0266,0.0023,0.0002,0,1,0.28,other,12.9,12.9029,0.8277,0.315,0.0401,0.0018,0.0,8,18,0.04839999999999997,0.005399999999999974
"Cameron, Darcy",Collingwood,Greater Western Sydney,Sydney Showground,1,42120250309,0.371,0.2638,2.49,0.2836,0.371,0.2638,0.6901,0.256,0.0475,0.0059,0.0005,0.0,0.0,0.0,0.7682,0.2026,0.0267,0.0023,0.0002,0,1,0.65,other,12.34,12.339,0.786,0.2595,0.0273,0.001,0.0,8,17,0.05389999999999995,0.006399999999999947
"Sheldrick, Angus",Sydney,Hawthorn,S.C.G.,1,101620250307,0.3238,0.3658,2.31,0.2817,0.3238,0.3658,0.7234,0.2343,0.0379,0.0041,0.0003,0.0,0.0,0.0,0.6936,0.2538,0.0464,0.0057,0.0006,0,1,0.3,forward,15.49,15.4867,0.9445,0.5833,0.1537,0.0158,0.0007,11,21,0.04229999999999995,0.004399999999999946
"Merrett, Zach",Essendon,Gold Coast,Carrara,1,52020250827,0.3258,0.3044,2.26,0.2801,0.3258,0.3044,0.7219,0.2352,0.0383,0.0042,0.0003,0.0,0.0,0.0,0.7376,0.2245,0.0342,0.0035,0.0003,0,1,0.35,midfielder,25.17,25.1681,0.9998,0.9886,0.8733,0.5399,0.1914,19,32,0.04290000000000002,0.004600000000000021
"Meek, Lloyd",Hawthorn,Sydney,S.C.G.,1,101620250307,0.3213,0.3563,2.28,0.2751,0.3213,0.3563,0.7252,0.233,0.0374,0.004,0.0003,0.0,0.0,0.0,0.7002,0.2495,0.0445,0.0053,0.0005,0,1,0.3,other,13.51,13.507,0.8651,0.3775,0.0581,0.0032,0.0001,9,18,0.04180000000000003,0.004400000000000029
"Weller, Lachie",Gold Coast,Essendon,Carrara,1,52020250827,0.3246,0.2692,2.22,0.2729,0.3246,0.2692,0.7228,0.2346,0.0381,0.0041,0.0003,0.0,0.0,0.0,0.764,0.2057,0.0277,0.0025,0.0002,0,1,0.31,other,15.88,15.8813,0.9541,0.6214,0.1795,0.0207,0.001,11,21,0.0426,0.004499999999999997
"Battle, Josh",Hawthorn,Sydney,S.C.G.,1,101620250307,0.3123,0.2538,2.13,0.2611,0.3123,0.2538,0.7318,0.2285,0.0357,0.0037,0.0003,0.0,0.0,0.0,0.7759,0.1969,0.025,0.0021,0.0001,0,1,0.24,other,11.9,11.9011,0.7489,0.2191,0.0197,0.0006,0.0,8,16,0.039699999999999985,0.003999999999999983
"Rioli, Daniel",Gold Coast,Essendon,Carrara,1,52020250827,0.2981,0.2453,2.03,0.2588,0.2981,0.2453,0.7422,0.2213,0.033,0.0033,0.0002,0.0,0.0,0.0,0.7825,0.1919,0.0235,0.0019,0.0001,0,1,0.58,forward,18.84,18.8356,0.9903,0.8416,0.4244,0.0996,0.0106,13,24,0.03650000000000003,0.003500000000000031
"Florent, Oliver",Sydney,Hawthorn,S.C.G.,1,101620250307,0.2993,0.219,2.01,0.2584,0.2993,0.219,0.7413,0.2219,0.0332,0.0033,0.0002,0.0,0.0,0.0,0.8033,0.1759,0.0193,0.0014,0.0001,0,1,0.29,forward,19.62,19.6203,0.9938,0.8796,0.4957,0.1364,0.0175,14,25,0.036800000000000055,0.0036000000000000545
"Smith, Bailey",Geelong,Brisbane Lions,Gabba,1,91920250329,0.313,0.2456,2.12,0.2544,0.313,0.2456,0.7312,0.2289,0.0358,0.0037,0.0003,0.0,0.0,0.0,0.7822,0.1921,0.0236,0.0019,0.0001,0,1,0.43,other,15.3,15.3042,0.9394,0.5652,0.1424,0.0139,0.0006,10,20,0.03990000000000005,0.004100000000000048
"Lipinski, Patrick",Collingwood,Greater Western Sydney,Sydney Showground,1,42120250309,0.3058,0.2785,2.11,0.2518,0.3058,0.2785,0.7365,0.2252,0.0344,0.0035,0.0003,0.0,0.0,0.0,0.7569,0.2108,0.0294,0.0027,0.0002,0,1,0.52,forward,17.08,17.0819,0.975,0.7257,0.2704,0.0425,0.0029,12,22,0.038299999999999945,0.003899999999999945
"Zorko, Dayne",Brisbane Lions,Geelong,Gabba,1,91920250329,0.329,0.2268,2.2,0.2514,0.329,0.2268,0.7197,0.2368,0.0389,0.0043,0.0004,0.0,0.0,0.0,0.7971,0.1808,0.0205,0.0015,0.0001,0,1,0.84,forward,25.63,25.6344,0.9999,0.9909,0.8908,0.5763,0.2184,19,32,0.04349999999999998,0.004599999999999986
"Newcombe, Jai",Hawthorn,Sydney,S.C.G.,1,101620250307,0.2982,0.5998,2.39,0.2467,0.2982,0.5998,0.7421,0.2213,0.033,0.0033,0.0002,0.0,0.0,0.0,0.5489,0.3292,0.0987,0.0197,0.0034,0,1,0.43,forward,24.81,24.8061,0.9997,0.9864,0.8582,0.5111,0.1717,19,31,0.03660000000000002,0.00360000000000002
"Weddle, Josh",Hawthorn,Sydney,S.C.G.,1,101620250307,0.2787,0.5352,2.21,0.2449,0.2787,0.5352,0.7567,0.2109,0.0294,0.0027,0.0002,0.0,0.0,0.0,0.5855,0.3134,0.0839,0.015,0.0022,0,1,0.33,forward,12.81,12.8139,0.8215,0.306,0.0378,0.0017,0.0,8,17,0.03239999999999996,0.0029999999999999576
"Long, Ned",Collingwood,Greater Western Sydney,Sydney Showground,1,42120250309,0.2868,0.3026,2.02,0.2381,0.2868,0.3026,0.7507,0.2153,0.0309,0.003,0.0002,0.0,0.0,0.0,0.7389,0.2236,0.0338,0.0034,0.0003,0,1,0.23,other,9.28,9.2801,0.4494,0.0513,0.0015,0.0,0.0,6,13,0.033999999999999975,0.0030999999999999743
"Fletcher, Jaspa",Brisbane Lions,Geelong,Gabba,1,91920250329,0.2703,0.2873,1.91,0.234,0.2703,0.2873,0.7632,0.2063,0.0279,0.0025,0.0002,0.0,0.0,0.0,0.7503,0.2156,0.031,0.003,0.0002,0,1,0.32,forward,16.11,16.1052,0.9589,0.6422,0.1952,0.0239,0.0012,11,21,0.0305,0.002599999999999998
"Adams, Taylor",Sydney,Hawthorn,S.C.G.,1,101620250307,0.2686,0.2851,1.9,0.2291,0.2686,0.2851,0.7645,0.2053,0.0276,0.0025,0.0002,0.0,0.0,0.0,0.7519,0.2144,0.0306,0.0029,0.0002,0,1,0.38,forward,14.82,14.8218,0.9242,0.516,0.1151,0.0098,0.0003,10,20,0.030200000000000032,0.002600000000000033
"Blicavs, Mark",Geelong,Brisbane Lions,Gabba,1,91920250329,0.2394,0.1701,1.61,0.222,0.2394,0.1701,0.7871,0.1885,0.0226,0.0018,0.0001,0.0,0.0,0.0,0.8436,0.1435,0.0122,0.0007,0.0,0,1,0.26,other,12.75,12.7473,0.8168,0.2993,0.0362,0.0015,0.0,8,17,0.024399999999999977,0.0017999999999999787
"Berry, Jarrod",Brisbane Lions,Geelong,Gabba,1,91920250329,0.2445,0.2089,1.68,0.2175,0.2445,0.2089,0.7831,0.1915,0.0234,0.0019,0.0001,0.0,0.0,0.0,0.8115,0.1695,0.0177,0.0012,0.0001,0,1,0.4,midfielder,21.61,21.6066,0.9981,0.9439,0.6643,0.2596,0.0503,16,28,0.025399999999999978,0.0019999999999999775
"McGrath, Andrew",Essendon,Gold Coast,Carrara,1,52020250827,0.2312,0.19,1.58,0.2161,0.2312,0.19,0.7936,0.1835,0.0212,0.0016,0.0001,0.0,0.0,0.0,0.827,0.1571,0.0149,0.0009,0.0,0,1,0.12,midfielder,24.95,24.949,0.9998,0.9873,0.8643,0.5225,0.1793,19,31,0.02290000000000003,0.0017000000000000313
"Bowes, Jack",Geelong,Brisbane Lions,Gabba,1,91920250329,0.2455,0.2684,1.74,0.2155,0.2455,0.2684,0.7823,0.1921,0.0236,0.0019,0.0001,0.0,0.0,0.0,0.7646,0.2052,0.0275,0.0025,0.0002,0,1,0.25,forward,14.73,14.7261,0.9208,0.5061,0.1101,0.0091,0.0003,10,20,0.02560000000000001,0.002000000000000012
"Neale, Lachie",Brisbane Lions,Geelong,Gabba,1,91920250329,0.2491,0.331,1.83,0.2154,0.2491,0.331,0.7795,0.1942,0.0242,0.002,0.0001,0.0,0.0,0.0,0.7182,0.2377,0.0393,0.0043,0.0004,0,1,0.47,forward,27.16,27.1639,0.9999,0.9958,0.9352,0.6869,0.3179,21,34,0.026300000000000018,0.0021000000000000185
"Nash, Conor",Hawthorn,Sydney,S.C.G.,1,101620250307,0.2364,0.2257,1.64,0.2099,0.2364,0.2257,0.7895,0.1866,0.0221,0.0017,0.0001,0.0,0.0,0.0,0.798,0.1801,0.0203,0.0015,0.0001,0,1,0.18,midfielder,17.25,17.2481,0.977,0.7386,0.2841,0.0466,0.0033,12,23,0.023900000000000032,0.0018000000000000307
"Unwin, Rhys",Essendon,Gold Coast,Carrara,1,52020250827,0.2385,0.2646,1.7,0.2046,0.2385,0.2646,0.7878,0.1879,0.0224,0.0018,0.0001,0.0,0.0,0.0,0.7675,0.2031,0.0269,0.0024,0.0002,0,1,0.33,other,8.55,8.5535,0.354,0.0287,0.0006,0.0,0.0,5,12,0.024300000000000044,0.001900000000000044
"Perryman, Harry",Collingwood,Greater Western Sydney,Sydney Showground,1,42120250309,0.2376,0.2355,1.66,0.2028,0.2376,0.2355,0.7885,0.1874,0.0223,0.0018,0.0001,0.0,0.0,0.0,0.7902,0.1861,0.0219,0.0017,0.0001,0,1,0.22,other,11.03,11.0342,0.6632,0.1485,0.0096,0.0002,0.0,7,15,0.02410000000000001,0.00180000000000001
"Witts, Jarrod",Gold Coast,Essendon,Carrara,1,52020250827,0.224,0.1997,1.54,0.2012,0.224,0.1997,0.7993,0.179,0.0201,0.0015,0.0001,0.0,0.0,0.0,0.819,0.1636,0.0163,0.0011,0.0001,0,1,0.22,other,12.7,12.697,0.8132,0.2943,0.035,0.0015,0.0,8,17,0.021699999999999997,0.0015999999999999973
"Sidebottom, Steele",Collingwood,Greater Western Sydney,Sydney Showground,1,42120250309,0.2378,0.2301,1.66,0.1989,0.2378,0.2301,0.7884,0.1875,0.0223,0.0018,0.0001,0.0,0.0,0.0,0.7944,0.1828,0.021,0.0016,0.0001,0,1,0.58,forward,18.55,18.5483,0.9886,0.8257,0.3983,0.0879,0.0088,13,24,0.02410000000000001,0.00180000000000001
"Callaghan, Finn",Greater Western Sydney,Collingwood,Sydney Showground,1,42120250309,0.229,0.2327,1.61,0.1946,0.229,0.2327,0.7953,0.1822,0.0209,0.0016,0.0001,0.0,0.0,0.0,0.7924,0.1844,0.0214,0.0017,0.0001,0,1,0.18,midfielder,20.79,20.7945,0.9969,0.9224,0.5986,0.2045,0.0337,15,27,0.022499999999999992,0.0015999999999999938
"Shiel, Dylan",Essendon,Gold Coast,Carrara,1,52020250827,0.2078,0.2045,1.45,0.1893,0.2078,0.2045,0.8124,0.1688,0.0175,0.0012,0.0001,0.0,0.0,0.0,0.815,0.1667,0.017,0.0012,0.0001,0,1,0.4,midfielder,20.91,20.9093,0.9971,0.9258,0.6082,0.2119,0.0357,15,27,0.018799999999999983,0.0012999999999999817
"Goldstein, Todd",Essendon,Gold Coast,Carrara,1,52020250827,0.1993,0.1284,1.32,0.1888,0.1993,0.1284,0.8193,0.1633,0.0163,0.0011,0.0001,0.0,0.0,0.0,0.8795,0.1129,0.0072,0.0003,0.0,0,1,0.46,other,12.7,12.6993,0.8134,0.2946,0.0351,0.0015,0.0,8,17,0.01739999999999997,0.0010999999999999725
"Lloyd, Jake",Sydney,Hawthorn,S.C.G.,1,101620250307,0.2099,0.1517,1.41,0.1886,0.2099,0.1517,0.8106,0.1702,0.0179,0.0012,0.0001,0.0,0.0,0.0,0.8592,0.1303,0.0099,0.0005,0.0,0,1,0.17,forward,19.27,19.2695,0.9924,0.8636,0.4639,0.1191,0.0141,14,25,0.019200000000000023,0.0013000000000000234
"Keeffe, Lachlan",Greater Western Sydney,Collingwood,Sydney Showground,1,42120250309,0.237,0.3547,1.78,0.1834,0.237,0.3547,0.789,0.187,0.0222,0.0018,0.0001,0.0,0.0,0.0,0.7014,0.2488,0.0441,0.0052,0.0005,0,1,0.16,other,8.53,8.5309,0.351,0.0282,0.0006,0.0,0.0,5,12,0.023999999999999966,0.0017999999999999648
"Blakey, Nick",Sydney,Hawthorn,S.C.G.,1,101620250307,0.2244,0.1776,1.52,0.1822,0.2244,0.1776,0.799,0.1793,0.0201,0.0015,0.0001,0.0,0.0,0.0,0.8373,0.1487,0.0132,0.0008,0.0,0,1,0.31,other,18.41,18.4084,0.9877,0.8175,0.3856,0.0826,0.008,13,24,0.02169999999999997,0.0015999999999999695
"Briggs, Kieren",Greater Western Sydney,Collingwood,Sydney Showground,1,42120250309,0.2097,0.2875,1.55,0.1822,0.2097,0.2875,0.8108,0.17,0.0178,0.0012,0.0001,0.0,0.0,0.0,0.7501,0.2157,0.031,0.003,0.0002,0,1,0.2,other,13.18,13.1841,0.846,0.3438,0.0479,0.0024,0.0,9,18,0.019200000000000023,0.0014000000000000228
"Clark, Jhye",Geelong,Brisbane Lions,Gabba,1,91920250329,0.1983,0.2381,1.43,0.18,0.1983,0.2381,0.8201,0.1627,0.0161,0.0011,0.0001,0.0,0.0,0.0,0.7881,0.1876,0.0223,0.0018,0.0001,0,1,0.16,other,13.35,13.3525,0.8562,0.3613,0.053,0.0028,0.0001,9,18,0.017199999999999938,0.0010999999999999378
"De Koning, Sam",Geelong,Brisbane Lions,Gabba,1,91920250329,0.1911,0.1784,1.33,0.1741,0.1911,0.1784,0.826,0.1579,0.0151,0.001,0.0,0.0,0.0,0.0,0.8366,0.1493,0.0133,0.0008,0.0,0,1,0.08,forward,16.79,16.7906,0.9709,0.7021,0.2469,0.0361,0.0023,12,22,0.01610000000000003,0.0010000000000000304
"Amon, Karl",Hawthorn,Sydney,S.C.G.,1,101620250307,0.1906,0.4565,1.6,0.1688,0.1906,0.4565,0.8265,0.1575,0.015,0.001,0.0,0.0,0.0,0.0,0.6335,0.2892,0.066,0.01,0.0013,0,1,0.4,other,19.56,19.5647,0.9936,0.8771,0.4907,0.1336,0.0169,14,25,0.015999999999999986,0.000999999999999987
"Day, Will",Hawthorn,Sydney,S.C.G.,1,101620250307,0.1846,0.3515,1.46,0.1675,0.1846,0.3515,0.8314,0.1535,0.0142,0.0009,0.0,0.0,0.0,0.0,0.7037,0.2473,0.0435,0.0051,0.0005,0,1,0.23,midfielder,14.52,14.517,0.9129,0.4842,0.0996,0.0077,0.0002,10,19,0.015099999999999975,0.0008999999999999737
"Grundy, Brodie",Sydney,Hawthorn,S.C.G.,1,101620250307,0.1717,0.1987,1.23,0.1643,0.1717,0.1987,0.8422,0.1446,0.0124,0.0007,0.0,0.0,0.0,0.0,0.8198,0.1629,0.0162,0.0011,0.0001,0,1,0.33,other,15.14,15.1401,0.9346,0.5486,0.1327,0.0124,0.0005,10,20,0.013200000000000045,0.0008000000000000455
"Allan, Edward",Collingwood,Greater Western Sydney,Sydney Showground,1,42120250309,0.1676,0.1647,1.17,0.1533,0.1676,0.1647,0.8457,0.1417,0.0119,0.0007,0.0,0.0,0.0,0.0,0.8481,0.1397,0.0115,0.0006,0.0,0,1,0.33,other,12.77,12.7669,0.8182,0.3013,0.0367,0.0016,0.0,8,17,0.0126,0.0006999999999999992
"Morrison, Harry",Hawthorn,Sydney,S.C.G.,1,101620250307,0.1631,0.2274,1.21,0.1516,0.1631,0.2274,0.8495,0.1386,0.0113,0.0006,0.0,0.0,0.0,0.0,0.7966,0.1812,0.0206,0.0016,0.0001,0,1,0.24,other,15.0,14.9987,0.9301,0.5342,0.1247,0.0112,0.0004,10,20,0.011899999999999966,0.0005999999999999669
"Whitfield, Lachie",Greater Western Sydney,Collingwood,Sydney Showground,1,42120250309,0.1737,0.1117,1.15,0.1497,0.1737,0.1117,0.8406,0.146,0.0127,0.0007,0.0,0.0,0.0,0.0,0.8943,0.0999,0.0056,0.0002,0.0,0,1,0.3,other,26.12,26.1163,0.9999,0.9928,0.9069,0.6128,0.2481,20,33,0.013399999999999995,0.0006999999999999958
"Lual, Luamon",Essendon,Gold Coast,Carrara,1,52020250827,0.1674,0.1714,1.18,0.1476,0.1674,0.1714,0.8458,0.1416,0.0119,0.0007,0.0,0.0,0.0,0.0,0.8425,0.1444,0.0124,0.0007,0.0,0,1,0.33,other,10.96,10.9558,0.6547,0.1428,0.0089,0.0002,0.0,7,15,0.0126,0.0006999999999999992
"Jeffrey, Joel",Gold Coast,Essendon,Carrara,1,52020250827,0.181,0.2412,1.33,0.1423,0.181,0.2412,0.8344,0.151,0.0137,0.0008,0.0,0.0,0.0,0.0,0.7857,0.1895,0.0229,0.0018,0.0001,0,1,0.41,forward,20.21,20.2133,0.9956,0.9031,0.5486,0.1689,0.0246,15,26,0.014599999999999974,0.0008999999999999737
"Powell, Wil",Gold Coast,Essendon,Carrara,1,52020250827,0.1576,0.1378,1.08,0.1376,0.1576,0.1378,0.8542,0.1346,0.0106,0.0006,0.0,0.0,0.0,0.0,0.8713,0.1201,0.0083,0.0004,0.0,0,1,0.13,other,18.38,18.3753,0.9875,0.8155,0.3827,0.0814,0.0078,13,24,0.011200000000000043,0.0006000000000000432
"Ash, Lachie",Greater Western Sydney,Collingwood,Sydney Showground,1,42120250309,0.1477,0.1462,1.03,0.1277,0.1477,0.1462,0.8627,0.1274,0.0094,0.0005,0.0,0.0,0.0,0.0,0.864,0.1263,0.0092,0.0004,0.0,0,1,0.07,other,17.97,17.9687,0.9844,0.7899,0.3463,0.0672,0.0058,13,23,0.009899999999999964,0.000499999999999964
"Clarke, Angus",Essendon,Gold Coast,Carrara,1,52020250827,0.1324,0.1559,0.95,0.1245,0.1324,0.1559,0.876,0.116,0.0077,0.0003,0.0,0.0,0.0,0.0,0.8557,0.1334,0.0104,0.0005,0.0,0,1,0.36,other,17.3,17.2999,0.9777,0.7425,0.2885,0.0479,0.0035,12,23,0.007999999999999993,0.000299999999999993
"Himmelberg, Harry",Greater Western Sydney,Collingwood,Sydney Showground,1,42120250309,0.1773,0.1153,1.18,0.1215,0.1773,0.1153,0.8375,0.1485,0.0132,0.0008,0.0,0.0,0.0,0.0,0.8911,0.1028,0.0059,0.0002,0.0,0,1,0.9,other,19.34,19.3427,0.9927,0.8671,0.4706,0.1226,0.0147,14,25,0.013999999999999985,0.0007999999999999848
"Impey, Jarman",Hawthorn,Sydney,S.C.G.,1,101620250307,0.1402,0.2837,1.12,0.1204,0.1402,0.2837,0.8692,0.1218,0.0085,0.0004,0.0,0.0,0.0,0.0,0.753,0.2136,0.0303,0.0029,0.0002,0,1,0.32,other,16.85,16.8544,0.9718,0.7074,0.2519,0.0374,0.0024,12,22,0.009000000000000022,0.0005000000000000213
"Roberts, Matt",Sydney,Hawthorn,S.C.G.,1,101620250307,0.1288,0.1279,0.9,0.1177,0.1288,0.1279,0.8791,0.1133,0.0073,0.0003,0.0,0.0,0.0,0.0,0.8799,0.1126,0.0072,0.0003,0.0,0,1,0.1,other,18.9,18.8975,0.9906,0.8449,0.4301,0.1023,0.0111,13,25,0.0076000000000000095,0.00030000000000000946
"Andrew, Mac",Gold Coast,Essendon,Carrara,1,52020250827,0.1484,0.0948,0.99,0.1091,0.1484,0.0948,0.862,0.128,0.0095,0.0005,0.0,0.0,0.0,0.0,0.9096,0.0862,0.0041,0.0001,0.0,0,1,0.17,other,16.46,16.4646,0.9657,0.6744,0.2216,0.0298,0.0017,11,22,0.010000000000000009,0.0005000000000000091
"Roberts, Archie",Essendon,Gold Coast,Carrara,1,52020250827,0.1073,0.1241,0.77,0.1008,0.1073,0.1241,0.8982,0.0964,0.0052,0.0002,0.0,0.0,0.0,0.0,0.8833,0.1096,0.0068,0.0003,0.0,0,1,0.11,other,24.77,24.7658,0.9997,0.9861,0.8564,0.5079,0.1696,19,31,0.005400000000000002,0.00020000000000000226
"Wehr, Jacob",Greater Western Sydney,Collingwood,Sydney Showground,1,42120250309,0.1147,0.1633,0.85,0.1001,0.1147,0.1633,0.8917,0.1022,0.0059,0.0002,0.0,0.0,0.0,0.0,0.8494,0.1387,0.0113,0.0006,0.0,0,1,0.15,other,13.6,13.5952,0.87,0.3867,0.0611,0.0035,0.0001,9,18,0.006099999999999953,0.00019999999999995282
"Prior, Jaxon",Essendon,Gold Coast,Carrara,1,52020250827,0.1057,0.0742,0.71,0.0969,0.1057,0.0742,0.8997,0.0951,0.005,0.0002,0.0,0.0,0.0,0.0,0.9285,0.0689,0.0026,0.0001,0.0,0,1,0.18,other,15.92,15.9163,0.9549,0.6246,0.1819,0.0211,0.001,11,21,0.005199999999999941,0.00019999999999994068
"Howe, Jeremy",Collingwood,Greater Western Sydney,Sydney Showground,1,42120250309,0.1152,0.087,0.78,0.0942,0.1152,0.087,0.8912,0.1026,0.0059,0.0002,0.0,0.0,0.0,0.0,0.9167,0.0797,0.0035,0.0001,0.0,0,1,0.41,other,15.22,15.2212,0.937,0.5568,0.1375,0.0131,0.0005,10,20,0.006200000000000011,0.0003000000000000112
"Atkins, Tom",Geelong,Brisbane Lions,Gabba,1,91920250329,0.0933,0.1807,0.74,0.0902,0.0933,0.1807,0.911,0.085,0.004,0.0001,0.0,0.0,0.0,0.0,0.8346,0.1509,0.0136,0.0008,0.0,0,0,0.14,other,15.48,15.4811,0.9443,0.5827,0.1533,0.0158,0.0007,11,21,0.003999999999999962,0.0
"OConnor, Mark",Geelong,Brisbane Lions,Gabba,1,91920250329,0.0979,0.1404,0.73,0.0899,0.0979,0.1404,0.9068,0.0887,0.0043,0.0001,0.0,0.0,0.0,0.0,0.869,0.122,0.0086,0.0004,0.0,0,0,0.07,other,12.58,12.5814,0.8047,0.2829,0.0324,0.0013,0.0,8,17,0.0044999999999999485,0.00019999999999994848
"Noble, John",Gold Coast,Essendon,Carrara,1,52020250827,0.1017,0.1157,0.73,0.087,0.1017,0.1157,0.9033,0.0918,0.0047,0.0002,0.0,0.0,0.0,0.0,0.8908,0.103,0.006,0.0002,0.0,0,0,0.08,other,24.86,24.8602,0.9998,0.9867,0.8605,0.5155,0.1746,19,31,0.004900000000000002,0.0002000000000000014
"Redman, Mason",Essendon,Gold Coast,Carrara,1,52020250827,0.0796,0.0955,0.57,0.077,0.0796,0.0955,0.9235,0.0735,0.0029,0.0001,0.0,0.0,0.0,0.0,0.9089,0.0868,0.0041,0.0001,0.0,0,0,0.17,other,26.19,26.191,0.9999,0.9931,0.9092,0.6183,0.2528,20,33,0.0030000000000000165,0.00010000000000001674
"Wilmot, Darcy",Brisbane Lions,Geelong,Gabba,1,91920250329,0.0842,0.1053,0.61,0.075,0.0842,0.1053,0.9193,0.0774,0.0033,0.0001,0.0,0.0,0.0,0.0,0.9001,0.0948,0.005,0.0002,0.0,0,0,0.1,other,20.43,20.4298,0.9961,0.9107,0.5675,0.1817,0.0277,15,26,0.0032999999999999974,0.0
"McCartin, Tom",Sydney,Hawthorn,S.C.G.,1,101620250307,0.0849,0.0683,0.58,0.0699,0.0849,0.0683,0.9186,0.078,0.0033,0.0001,0.0,0.0,0.0,0.0,0.934,0.0638,0.0022,0.0,0.0,0,0,0.22,other,11.92,11.9174,0.7503,0.2206,0.02,0.0006,0.0,8,16,0.003400000000000028,0.00010000000000002802
"Paton, Ben",Sydney,Hawthorn,S.C.G.,1,101620250307,0.0773,0.2219,0.69,0.0676,0.0773,0.2219,0.9256,0.0716,0.0028,0.0001,0.0,0.0,0.0,0.0,0.801,0.1778,0.0197,0.0015,0.0001,0,0,0.06,other,10.42,10.4159,0.5929,0.1069,0.0053,0.0001,0.0,6,15,0.0028000000000000247,2.47198095326695e-17
"Moore, Darcy",Collingwood,Greater Western Sydney,Sydney Showground,1,42120250309,0.0761,0.0526,0.51,0.0578,0.0761,0.0526,0.9267,0.0705,0.0027,0.0001,0.0,0.0,0.0,0.0,0.9488,0.0499,0.0013,0.0,0.0,0,0,0.39,other,10.58,10.578,0.612,0.1171,0.0063,0.0001,0.0,7,15,0.0028000000000000386,0.00010000000000003843
"Humphries, Lawson",Geelong,Brisbane Lions,Gabba,1,91920250329,0.0562,0.1163,0.45,0.0566,0.0562,0.1163,0.9453,0.0531,0.0015,0.0,0.0,0.0,0.0,0.0,0.8902,0.1036,0.006,0.0002,0.0,0,0,0.07,other,19.33,19.3329,0.9927,0.8666,0.4697,0.1221,0.0146,14,25,0.0015999999999999695,9.999999999996947e-05
"Scrimshaw, Jack",Hawthorn,Sydney,S.C.G.,1,101620250307,0.06,0.0755,0.44,0.0551,0.06,0.0755,0.9418,0.0565,0.0017,0.0,0.0,0.0,0.0,0.0,0.9272,0.07,0.0026,0.0001,0.0,0,0,0.1,other,17.47,17.4676,0.9795,0.755,0.3027,0.0523,0.004,12,23,0.0017000000000000279,2.7972416050126014e-17
"Guthrie, Zach",Geelong,Brisbane Lions,Gabba,1,91920250329,0.0549,0.0324,0.36,0.0551,0.0549,0.0324,0.9465,0.052,0.0014,0.0,0.0,0.0,0.0,0.0,0.9681,0.0314,0.0005,0.0,0.0,0,0,0.13,other,19.4,19.3966,0.9929,0.8696,0.4755,0.1252,0.0152,14,25,0.0014999999999999944,9.999999999999441e-05
"El-Hawli, Saad",Essendon,Gold Coast,Carrara,1,52020250827,0.055,0.1119,0.44,0.0522,0.055,0.1119,0.9465,0.0521,0.0014,0.0,0.0,0.0,0.0,0.0,0.8941,0.1001,0.0056,0.0002,0.0,0,0,0.11,other,12.59,12.5881,0.8052,0.2836,0.0325,0.0013,0.0,8,17,0.0013999999999999915,0.0
"Henry, Jack",Geelong,Brisbane Lions,Gabba,1,91920250329,0.0529,0.0363,0.35,0.0494,0.0529,0.0363,0.9485,0.0501,0.0013,0.0,0.0,0.0,0.0,0.0,0.9643,0.035,0.0006,0.0,0.0,0,0,0.16,other,14.06,14.0611,0.8935,0.436,0.079,0.0053,0.0001,9,19,0.0013999999999999915,9.999999999999159e-05
"Lester, Ryan",Brisbane Lions,Geelong,Gabba,1,91920250329,0.0528,0.0615,0.38,0.0494,0.0528,0.0615,0.9485,0.0501,0.0013,0.0,0.0,0.0,0.0,0.0,0.9404,0.0578,0.0018,0.0,0.0,0,0,0.22,other,15.47,15.4735,0.9441,0.582,0.1528,0.0157,0.0007,11,21,0.0013999999999999915,9.999999999999159e-05
"Hardwick, Blake",Hawthorn,Sydney,S.C.G.,1,101620250307,0.0488,0.1567,0.45,0.0457,0.0488,0.1567,0.9523,0.0465,0.0011,0.0,0.0,0.0,0.0,0.0,0.855,0.134,0.0105,0.0005,0.0,0,0,0.12,other,15.85,15.8513,0.9534,0.6185,0.1775,0.0203,0.001,11,21,0.001199999999999965,9.999999999996492e-05
"Laverde, Jayden",Essendon,Gold Coast,Carrara,1,52020250827,0.0431,0.0382,0.3,0.0419,0.0431,0.0382,0.9578,0.0413,0.0009,0.0,0.0,0.0,0.0,0.0,0.9625,0.0368,0.0007,0.0,0.0,0,0,0.26,other,14.44,14.444,0.91,0.4765,0.0961,0.0073,0.0002,10,19,0.0009000000000000119,1.1926223897340549e-17
"Maynard, Brayden",Collingwood,Greater Western Sydney,Sydney Showground,1,42120250309,0.0444,0.057,0.32,0.0413,0.0444,0.057,0.9566,0.0425,0.0009,0.0,0.0,0.0,0.0,0.0,0.9446,0.0539,0.0015,0.0,0.0,0,0,0.1,other,14.7,14.6992,0.9198,0.5032,0.1087,0.0089,0.0003,10,20,0.0008999999999999911,0.0
"Andrews, Harris",Brisbane Lions,Geelong,Gabba,1,91920250329,0.0435,0.0139,0.27,0.039,0.0435,0.0139,0.9574,0.0416,0.0009,0.0,0.0,0.0,0.0,0.0,0.9862,0.0137,0.0001,0.0,0.0,0,0,0.05,other,13.35,13.3487,0.856,0.3609,0.0529,0.0028,0.0001,9,18,0.0009999999999999731,9.999999999997316e-05
"Blakiston, Lachlan",Essendon,Gold Coast,Carrara,1,52020250827,0.0464,0.0751,0.35,0.0384,0.0464,0.0751,0.9546,0.0443,0.001,0.0,0.0,0.0,0.0,0.0,0.9277,0.0697,0.0026,0.0001,0.0,0,0,0.09,other,9.63,9.6312,0.4952,0.0657,0.0023,0.0,0.0,6,14,0.0010999999999999968,9.999999999999679e-05
"Quaynor, Isaac",Collingwood,Greater Western Sydney,Sydney Showground,1,42120250309,0.0398,0.105,0.34,0.0361,0.0398,0.105,0.9609,0.0383,0.0008,0.0,0.0,0.0,0.0,0.0,0.9003,0.0945,0.005,0.0002,0.0,0,0,0.05,other,11.9,11.8982,0.7486,0.2188,0.0197,0.0006,0.0,8,16,0.0008000000000000229,2.2876665839444144e-17
"Frost, Sam",Hawthorn,Sydney,S.C.G.,1,101620250307,0.0403,0.0653,0.31,0.0315,0.0403,0.0653,0.9605,0.0388,0.0008,0.0,0.0,0.0,0.0,0.0,0.9367,0.0612,0.002,0.0,0.0,0,0,0.05,other,9.87,9.8651,0.5251,0.0766,0.003,0.0,0.0,6,14,0.0006999999999999784,0.0
"Rampe, Dane",Sydney,Hawthorn,S.C.G.,1,101620250307,0.0318,0.0581,0.25,0.0282,0.0318,0.0581,0.9687,0.0308,0.0005,0.0,0.0,0.0,0.0,0.0,0.9436,0.0548,0.0016,0.0,0.0,0,0,0.04,other,11.44,11.4381,0.7051,0.1797,0.0136,0.0003,0.0,7,16,0.0004999999999999935,0.0
"Answerth, Noah",Brisbane Lions,Geelong,Gabba,1,91920250329,0.0285,0.043,0.21,0.0273,0.0285,0.043,0.9719,0.0277,0.0004,0.0,0.0,0.0,0.0,0.0,0.9579,0.0412,0.0009,0.0,0.0,0,0,0.03,other,13.27,13.2702,0.8513,0.3527,0.0505,0.0026,0.0001,9,18,0.0004000000000000149,1.4907779871675686e-17
"Mullin, Oisin",Geelong,Brisbane Lions,Gabba,1,91920250329,0.026,0.1209,0.28,0.0258,0.026,0.1209,0.9744,0.0253,0.0003,0.0,0.0,0.0,0.0,0.0,0.8862,0.1071,0.0065,0.0003,0.0,0,0,,other,10.06,10.0589,0.5494,0.0866,0.0037,0.0001,0.0,6,14,0.00029999999999995655,0.0
"Barrass, Tom",Hawthorn,Sydney,S.C.G.,1,101620250307,0.0285,0.2366,0.41,0.0257,0.0285,0.2366,0.9719,0.0277,0.0004,0.0,0.0,0.0,0.0,0.0,0.7893,0.1867,0.0221,0.0017,0.0001,0,0,0.01,other,11.57,11.5653,0.7176,0.1901,0.0151,0.0004,0.0,7,16,0.0004000000000000149,1.4907779871675686e-17
"Melican, Lewis",Sydney,Hawthorn,S.C.G.,1,101620250307,0.0247,0.0694,0.22,0.0227,0.0247,0.0694,0.9756,0.0241,0.0003,0.0,0.0,0.0,0.0,0.0,0.933,0.0647,0.0022,0.0001,0.0,0,0,0.02,other,9.98,9.9813,0.5397,0.0825,0.0034,0.0,0.0,6,14,0.00029999999999997737,0.0
"Taylor, Sam",Greater Western Sydney,Collingwood,Sydney Showground,1,42120250309,0.024,0.0406,0.18,0.0222,0.024,0.0406,0.9763,0.0235,0.0003,0.0,0.0,0.0,0.0,0.0,0.9602,0.039,0.0008,0.0,0.0,0,0,0.02,other,11.72,11.7178,0.7321,0.2031,0.0171,0.0005,0.0,7,16,0.0002000000000000543,0.0
"OSullivan, Connor",Geelong,Brisbane Lions,Gabba,1,91920250329,0.0223,0.1267,0.26,0.0212,0.0223,0.1267,0.9779,0.0218,0.0002,0.0,0.0,0.0,0.0,0.0,0.881,0.1116,0.0071,0.0003,0.0,0,0,,other,11.6,11.6027,0.7212,0.1933,0.0156,0.0004,0.0,7,16,0.0003000000000000086,0.00010000000000000858
"Collins, Sam",Gold Coast,Essendon,Carrara,1,52020250827,0.0237,0.0407,0.18,0.021,0.0237,0.0407,0.9766,0.0231,0.0003,0.0,0.0,0.0,0.0,0.0,0.9601,0.0391,0.0008,0.0,0.0,0,0,,other,11.41,11.4071,0.702,0.1772,0.0132,0.0003,0.0,7,16,0.00029999999999997737,0.0
"Payne, Jack",Brisbane Lions,Geelong,Gabba,1,91920250329,0.0226,0.0365,0.17,0.0203,0.0226,0.0365,0.9777,0.0221,0.0002,0.0,0.0,0.0,0.0,0.0,0.9641,0.0352,0.0006,0.0,0.0,0,0,0.03,other,10.55,10.5531,0.6091,0.1155,0.0061,0.0001,0.0,7,15,0.0001999999999999849,0.0
"Uwland, Bodhi",Gold Coast,Essendon,Carrara,1,52020250827,0.0222,0.0692,0.2,0.0198,0.0222,0.0692,0.9781,0.0217,0.0002,0.0,0.0,0.0,0.0,0.0,0.9331,0.0646,0.0022,0.0001,0.0,0,0,0.02,other,15.37,15.3709,0.9413,0.5718,0.1465,0.0146,0.0006,10,20,0.00020000000000003001,3.0005295123536335e-17
"Hanily, Tom",Sydney,Hawthorn,S.C.G.,1,101620250307,0.0208,0.2284,0.35,0.0196,0.0208,0.2284,0.9794,0.0204,0.0002,0.0,0.0,0.0,0.0,0.0,0.7958,0.1818,0.0208,0.0016,0.0001,0,0,,other,8.52,8.5155,0.349,0.0278,0.0005,0.0,0.0,5,12,0.00019999999999995022,0.0
"Nguyen, Jayden",Essendon,Gold Coast,Carrara,1,52020250827,0.0189,0.1101,0.22,0.0187,0.0189,0.1101,0.9813,0.0185,0.0002,0.0,0.0,0.0,0.0,0.0,0.8958,0.0986,0.0054,0.0002,0.0,0,0,,other,9.58,9.5847,0.4892,0.0636,0.0022,0.0,0.0,6,14,0.00020000000000005083,5.082197683525802e-17
"Idun, Connor",Greater Western Sydney,Collingwood,Sydney Showground,1,42120250309,0.0204,0.0495,0.17,0.0186,0.0204,0.0495,0.9798,0.02,0.0002,0.0,0.0,0.0,0.0,0.0,0.9517,0.0471,0.0012,0.0,0.0,0,0,,other,16.95,16.9519,0.9732,0.7153,0.2598,0.0396,0.0026,12,22,0.00019999999999999532,0.0
"Buckley, Jack",Greater Western Sydney,Collingwood,Sydney Showground,1,42120250309,0.0217,0.0553,0.19,0.0182,0.0217,0.0553,0.9785,0.0213,0.0002,0.0,0.0,0.0,0.0,0.0,0.9462,0.0523,0.0014,0.0,0.0,0,0,0.01,other,13.29,13.2892,0.8525,0.3547,0.0511,0.0026,0.0001,9,18,0.0001999999999999641,0.0
